service	port
tcpmux	1
compressnet	2
Death	2
compressnet	3
rje	5
echo	7
discard	9
systat	11
daytime	13
B2	15
netstat	15
qotd	17
msp	18
chargen	19
ftp-data	20
SennaSpyFTPserver	20
ftp	21
ssh	22
telnet	23
BO2KControlPort	24
priv-mail	24
smtp	25
altavista-fw97	26
altavista-fw97	27
nsw-fe	27
altavista-fw97	28
altavista-fw97	29
msg-icp	29
Agent40421	30
Agent31	31
HackersParadise	31
MastersParadise	31
msg-auth	31
dsp	33
priv-print	35
time	37
rap	38
rlp	39
SubSARI	39
DeepThroat	41
Foreplay	41
graphics	41
name	42
whois	43
Arctic	44
mpm-flags	44
mpm	45
mpm-snd	46
ni-ftp	47
auditd	48
DRAT	48
tacacs	49
DRAT	50
re-mail-ck	50
la-maint	51
xns-time	52
domain	53
xns-ch	54
isi-gl	55
xns-auth	56
priv-term	57
fxscanner	57
DMSetup	58
xns-mail	58
DMSetup	59
priv-file	59
Unassigned	60
ni-mail	61
acas	62
via-ftp	63
whois++	63
covia	64
tacacs-ds	65
sql*net	66
bootps	67
bootpc	68
BackGate	69
tftp	69
gopher	70
netrjs-1	71
netrjs-2	72
netrjs-3	73
netrjs-4	74
priv-dial	75
deos	76
priv-rje	77
vettcp	78
finger	79
www	80
hosts2-ns	81
RemoConChubo	81
xfer	82
mit-ml-dev	83
ctf	84
mit-ml-dev	85
mfcobol	86
priv-term-l	87
kerberos	88
BackDoor-AXC	88
su-mit-tg	89
dnsix	90
mit-dov	91
npp	92
dcp	93
objcall	94
supdup	95
dixie	96
swift-rvf	97
linuxconf	98
tacnews	98
HiddenPort	99
Hidden	99
Mandragore	99
metagram	99
NCX	99
newacct	100
hostname	101
iso-tsap	102
gppitnp	103
acr-nema	104
csnet-ns	105
3com-tsmux	106
pop3pw	106
rtelnet	107
snagas	108
pop-2	109
pop-3	110
ProMailtrojan	110
sunrpc	111
mcidas	112
auth	113
audionews	114
sftp	115
ansanotify	116
uucp-path	117
sqlserv	118
nntp	119
cfdptkt	120
AttackBot	121
erpc	121
GodMessage	121
JammerKillah	121
smakynet	122
NetController	123
ntp	123
ansatrader	124
locus-map	125
nxedit	126
unitary	126
locus-con	127
gss-xlicen	128
pwdgen	129
cisco-fna	130
cisco-tna	131
cisco-sys	132
Farnaz	133
statsrv	133
ingres-net	134
epmap	135
loc-srv	135
profile	136
netbios-ns	137
netbios-dgm	138
netbios-ssn	139
emfis-data	140
emfis-cntl	141
bl-idm	142
NetTaxi	142
imap	143
news	144
uma	144
uaac	145
Infector	146
iso-tp0	146
iso-ip	147
cronus	148
jargon	148
aed-512	149
sql-net	150
hems	151
bftp	152
sgmp	153
netsc-prod	154
netsc-dev	155
sqlsrv	156
knet-cmp	157
pcmail-srv	158
nss-routing	159
sgmp-traps	160
snmp	161
snmptrap	162
cmip-man	163
cmip-agent	164
xns-courier	165
NokNok	166
s-net	166
namp	167
rsvd	168
send	169
Atrojan	170
A-trojan	170
print-srv	170
multiplex	171
cl-1	172
xyplex-mux	173
mailq	174
vmnet	175
genrad-mux	176
xdmcp	177
nextstep	178
bgp	179
ris	180
unify	181
audit	182
ocbinder	183
ocserver	184
remote-kis	185
kis	186
aci	187
mumps	188
qft	189
gacp	190
prospero	191
osu-nms	192
srmp	193
irc	194
dn6-nlm-aud	195
dn6-smm-red	196
dls	197
dls-mon	198
smux	199
src	200
at-rtmp	201
at-nbp	202
at-3	203
at-echo	204
at-5	205
at-zis	206
at-7	207
at-8	208
qmtp	209
tam	209
z39.50	210
914c	211
anet	212
ipx	213
vmpwscs	214
softpc	215
atls	216
CAIlic	216
dbase	217
mpp	218
uarps	219
imap3	220
fln-spx	221
rsh-spx	222
cdc	223
masqdialer	224
direct	242
sur-meas	243
dayna	244
inbusiness	244
link	245
dsp3270	246
subntbcst_tftp	247
bhfhs	248
fw1-sync	256
rap	256
fw1	257
set	257
fw1	258
yak-chat	258
esro-gen	259
openport	260
fw1-mgmt	261
nsiiops	261
arcisdms	262
hdap	263
bgmp	264
x-bone-ctl	265
sst	266
td-service	267
td-replica	268
http-mgmt	280
personal-link	281
cableport-ax	282
rescap	283
corerjd	284
fxp-1	286
k-block	287
novastorbakcup	308
entrusttime	309
bhmds	310
asip-webadmin	311
vslmp	312
magenta-logic	313
opalis-robot	314
dpsi	315
decauth	316
zannet	317
pkix-timestamp	318
ptp-event	319
ptp-general	320
pip	321
rtsps	322
texar	333
Backage	334
pdap	344
pawserv	345
zserv	346
fatserv	347
csi-sgwp	348
mftp	349
matip-type-a	350
bhoetty	351
matip-type-b	351
bhoedap4	352
dtag-ste-sb	352
ndsauth	353
bh611	354
datex-asn	355
cloanto-net-1	356
bhevent	357
shrinkwrap	358
nsrmp	359
tenebris_nts	359
scoi2odialog	360
semantix	361
srssend	362
rsvp_tunnel	363
aurora-cmgr	364
dtk	365
odmr	366
mortgageware	367
qbikgdp	368
rpc2portmap	369
codaauth2	370
clearcase	371
ulistproc	372
legent-1	373
legent-2	374
hassle	375
nip	376
tnETOS	377
dsETOS	378
is99c	379
is99s	380
hp-collector	381
hp-managed-node	382
hp-alarm-mgr	383
arns	384
ibm-app	385
asa	386
aurp	387
unidata-ldm	388
ldap	389
uis	390
synotics-relay	391
synotics-broker	392
dis	393
meta5	393
embl-ndt	394
netcp	395
netware-ip	396
mptn	397
kryptolan	398
iso-tsap-c2	399
work-sol	400
ups	401
genie	402
decap	403
nced	404
ncld	405
imsp	406
timbuktu	407
prm-sm	408
prm-nm	409
decladebug	410
Backage	411
rmt	411
synoptics-trap	412
smsp	413
infoseek	414
bnet	415
silverplatter	416
onmux	417
hyper-g	418
ariel1	419
Breach	420
Incognito	420
smpte	420
ariel2	421
TCPWrappers	421
TCPWrapperstrojan	421
ariel3	422
opc-job-start	423
opc-job-track	424
icad-el	425
smartsdp	426
svrloc	427
ocs_cmu	428
ocs_amu	429
utmpsd	430
utmpcd	431
iasd	432
nnsp	433
mobileip-agent	434
mobilip-mn	435
dna-cml	436
comscm	437
dsfgw	438
dasp	439
sgcp	440
decvms-sysmgt	441
cvc_hostd	442
https	443
snpp	444
microsoft-ds	445
ddm-rdb	446
ddm-dfm	447
ddm-ssl	448
as-servermap	449
tserver	450
sfs-smp-net	451
sfs-config	452
creativeserver	453
contentserver	454
creativepartnr	455
FatalConnections	455
HackersParadise	456
macon-tcp	456
scohelp	457
appleqtc	458
ampr-rcmd	459
skronk	460
datasurfsrv	461
datasurfsrvsec	462
alpes	463
kpasswd	464
smtps	465
digital-vrc	466
mylex-mapd	467
photuris	468
rcp	469
scx-proxy	470
mondex	471
ljk-login	472
hybrid-pop	473
tn-tl-w1	474
tcpnethaspsrv	475
tn-tl-fd1	476
ss7ns	477
spsc	478
iafserver	479
iafdbase	480
loadsrv	480
dvs	481
ph	481
bgs-nsi	482
ulpnet	483
integra-sme	484
powerburst	485
avian	486
sstats	486
saft	487
gss-http	488
nest-protocol	489
micom-pfs	490
go-login	491
ticf-1	492
ticf-2	493
pov-ray	494
intecourier	495
pim-rp-disc	496
dantz	497
siam	498
iso-ill	499
isakmp	500
stmf	501
asa-appl-proto	502
intrinsa	503
citadel	504
mailbox-lm	505
ohimsrv	506
crs	507
xvttp	508
snare	509
fcp	510
t0rnkit-sshd	510
passgo	511
T0rnRootkit	511
exec	512
Grlogin	513
login	513
RPCBackdoor	514
shell	514
printer	515
videotex	516
talk	517
ntalk	518
utime	519
efs	520
ripng	521
ulp	522
ibm-db2	523
ncp	524
timed	525
tempo	526
stx	527
custix	528
irc-serv	529
courier	530
conference	531
Net666	531
Rasmin	531
netnews	532
ibm-db2	532
netwall	533
mm-admin	534
iiop	535
opalis-rdv	536
nmsp	537
gdomap	538
apertus-ldp	539
uucp	540
uucp-rlogin	541
commerce	542
klogin	543
kshell	544
appleqtcsrvr	545
ekshell	545
dhcpv6-client	546
dhcpv6-server	547
afpovertcp	548
idfp	549
new-rwho	550
cybercash	551
deviceshare	552
pirp	553
rtsp	554
711trojan	555
dsf	555
IniKiller	555
Ini-Killer	555
NetAdministrator	555
Phase-0	555
PhaseZero	555
StealthSpy	555
remotefs	556
openvms-sysipc	557
sdnskmp	558
teedtap	559
rmonitor	560
monitor	561
chshell	562
nntps	563
snews	563
9pfs	564
whoami	565
streettalk	566
banyan-rpc	567
ms-shuttle	568
ms-rome	569
meter	570
meter	571
umeter	571
sonar	572
banyan-vip	573
ftp-agent	574
vemmi	575
ipcd	576
vnas	577
ipdd	578
decbsrv	579
sntp-heartbeat	580
bdp	581
scc-security	582
philips-vc	583
keyserver	584
imap4-ssl	585
password-chg	586
submission	587
cal	588
eyelink	589
tns-cml	590
http-alt	591
eudora-set	592
http-rpc-epmap	593
tpip	594
cab-protocol	595
smsd	596
ptcnameservice	597
sco-websrvrmg3	598
acp	599
ipcserver	600
Sadmind	600
SecretService	605
urm	606
nqs	607
sift-uft	608
npmp-trap	609
npmp-local	610
npmp-gui	611
hmmp-ind	612
hmmp-op	613
sshell	614
sco-inetmgr	615
sco-sysmgr	616
sco-dtmgr	617
dei-icda	618
digital-evm	619
sco-websrvrmgr	620
escp-ip	621
collaborator	622
aux_bus_shunt	623
cryptoadmin	624
dec_dlm	625
asia	626
passgo-tivoli	627
qmqp	628
3com-amp3	629
rda	630
ipp	631
bmpp	632
servstat	633
ginad	634
rlzdbase	635
ldaps	636
lanserver	637
mcns-sec	638
msdp	639
entrust-sps	640
repcmd	641
esro-emsdp	642
sanity	643
dwr	644
pssc	645
ldp	646
dhcp-failover	647
rrp	648
aminet	649
obex	650
ieee-mms	651
hello-port	652
repscmd	653
aodv	654
tinc	655
spmp	656
rmc	657
tenfold	658
url-rendezvous	659
mac-srvr-admin	660
hap	661
NokNok	661
pftp	662
purenoise	663
secure-aux-bus	664
sun-dr	665
AttackFTP	666
BackConstruction	666
BLAtrojan	666
Cain&amp;Abel	666
doom	666
lpdw0rm	666
mdqs	666
NokNok	666
SatansBackDoor	666
ServU	666
ShadowPhyre	666
th3r1pp3rz	666
disclose	667
SniperNet	667
mecomm	668
th3r1pp3rz	668
DPtrojan	669
meregister	669
vacdsm-sws	670
vacdsm-app	671
vpps-qua	672
cimplex	673
acap	674
dctp	675
vpps-via	676
vpp	677
ggf-ncp	678
mrm	679
entrust-aaas	680
entrust-aams	681
xfr	682
corba-iiop	683
corba-iiop-ssl	684
mdc-portmapper	685
hcp-wismar	686
asipregistry	687
realm-rusd	688
nmap	689
SLDAP	689
vatp	690
msexch-routing	691
GayOL	692
hyperwave-isp	692
connendp	693
ha-cluster	694
ieee-mms-ssl	695
rushd	696
uuidgen	697
olsr	698
accessnetwork	699
elcsd	704
agentx	705
silc	706
borland-dsj	707
entrust-kmsh	709
entrust-ash	710
cisco-tdp	711
netviewdm1	729
netviewdm2	730
netviewdm3	731
netcp	740
netgw	741
netrcs	742
flexlm	744
fujitsu-dev	747
ris-cm	748
kerberos-adm	749
kerberos	750
rfile	750
kerberos_master	751
pump	751
qrh	752
rrh	753
krb_prop	754
tell	754
nlogin	758
con	759
krbupdate	760
ns	760
kpasswd	761
rxe	761
quotad	762
cycleserv	763
omserv	764
webster	765
phonebook	767
vid	769
cadlock	770
rtip	771
cycleserv2	772
submit	773
rpasswd	774
entomb	775
wpages	776
jconfig	777
wpgs	780
hp-collector	781
hp-managed-node	782
hp-alarm-mgr	783
concert	786
qsc	787
controlit	799
mdbs_daemon	800
device	801
WinHole	808
fcp-udp	810
itm-mcell-s	828
pkix-3-ca-ra	829
dhcp-failover2	847
supfilesrv	871
rsync	873
iclcnet-locate	886
iclcnet_svinfo	887
accessbuilder	888
cddbp	888
omginitialrefs	900
realsecure	901
samba-swat	901
smpnameres	901
ideafarm-chat	902
ideafarm-catch	903
DarkShadow	911
xact-backup	911
securenet	975
ftps-data	989
ftps	990
nas	991
telnets	992
imaps	993
ircs	994
pop3s	995
icq	1027
sbininitd	1049
/sbin/initd	1049
td-postman	1049
cma	1050
MiniCommand	1050
optima-vnet	1051
ddt	1052
remote-as	1053
TheThief	1053
AckCmd	1054
brvread	1054
ansyslmd	1055
vfo	1056
startron	1057
nim	1058
nimreg	1059
polestar	1060
kiosk	1061
veracity	1062
kyoceranetdev	1063
jstel	1064
syscomlan	1065
fpo-fns	1066
instl_boots	1067
instl_bootc	1068
cognex-insight	1069
gmrupdateserv	1070
bsquare-voip	1071
cardax	1072
bridgecontrol	1073
fastechnologlm	1074
rdrmshc	1075
dab-sti-c	1076
imgames	1077
emanagecstp	1078
asprovatalk	1079
socks	1080
pvuniwien	1081
WinHole	1081
amt-esd-prot	1082
WinHole	1082
ansoft-lm-1	1083
WinHole	1083
ansoft-lm-2	1084
webobjects	1085
cplscrambler-lg	1086
cplscrambler-in	1087
cplscrambler-al	1088
ff-annunc	1089
ff-fms	1090
Xtreme	1090
ff-sm	1091
obrpd	1092
proofd	1093
rootd	1094
nicelink	1095
RAT	1095
cnrprotocol	1096
RAT	1097
sunclustermgr	1097
RAT	1098
rmiactivation	1098
BloodFestEvolution	1099
RAT	1099
rmiregistry	1099
mctp	1100
pt2-discover	1101
adobeserver-1	1102
adobeserver-2	1103
xaudio	1103
xrl	1104
ftranhc	1105
isoipsigport-1	1106
isoipsigport-2	1107
ratio-adp	1108
kpop	1109
nfsd-status	1110
lmsocialserver	1111
icp	1112
msql	1112
mini-sql	1114
ardus-trns	1115
ardus-cntl	1116
ardus-mtrns	1117
availant-mgr	1122
murray	1123
supfiledbg	1127
noknok	1130
Orion	1150
Orion	1151
nfa	1155
health-polling	1161
health-trap	1162
tripwire	1169
PsyberStreamServer	1170
StreamingAudioServer	1170
Voice	1170
DaCryptic	1174
skkserv	1178
mc-client	1180
Unin68	1180
laplink-ssl	1183
laplink	1184
hp-webadmin	1188
scol	1200
nucleus-sand	1201
caiccipc	1202
ssslic-mgr	1203
ssslog-mgr	1204
accord-mgc	1205
anthony-data	1206
metasage	1207
SoftWAR	1207
Infector	1208
seagull-ais	1208
ipcd3	1209
eoss	1210
groove-dpp	1211
Kaos	1212
lupa	1212
mpc-lifenet	1213
kazaa	1214
Morpheous	1214
Grokster	1214
scanstat-1	1215
etebac5	1216
hpss-ndapi	1217
aeroflight-ads	1218
aeroflight-ret	1219
qt-serveradmin	1220
sweetware-apps	1221
nerv	1222
tgp	1223
vpnz	1224
slinkysearch	1225
stgxfws	1226
dns2go	1227
florence	1228
novell-zfs	1229
periscope	1230
menandmice-lpm	1231
univ-appserver	1233
hotline	1234
search-agent	1234
SubSevenJavaclient	1234
UltorsTrojan	1234
mosaicsyssvc1	1235
bvcontrol	1236
tsdos390	1237
hacl-qs	1238
nmsd	1239
instantia	1240
msg	1241
nessus	1241
nmasoverip	1242
BackDoorG	1243
BackDoor-G	1243
serialgateway	1243
SubSevenApocalypse	1243
SubSeven	1243
Tiles	1243
isbconference1	1244
isbconference2	1245
VooDooDoll	1245
payrouter	1246
visionpyramid	1247
hermes	1248
mesavistaco	1249
swldy-sias	1250
servergraph	1251
bspne-pcc	1252
q55-pcc	1253
de-noc	1254
de-cache-query	1255
Scarab	1255
de-server	1256
ProjectnEXT	1256
RexxRave	1256
shockwave2	1257
opennl	1258
opennl-voice	1259
ibm-ssd	1260
mpshrsv	1261
qnts-orb	1262
dka	1263
prat	1264
dssiapi	1265
dellpwrappks	1266
pcmlinux	1267
propel-msgsys	1268
Matrix	1269
watilapp	1269
opsman	1270
dabew	1271
cspmlockmgr	1272
TheMatrix	1272
emc-gateway	1273
t1distproc	1274
ivcollector	1275
ivmanager	1276
miva-mqs	1277
dellwebadmin-1	1278
dellwebadmin-2	1279
pictrography	1280
healthd	1281
emperion	1282
productinfo	1283
iee-qfx	1284
neoiface	1285
netuitive	1286
navbuddy	1288
jwalkserver	1289
winjaserver	1290
seagulllms	1291
dsdn	1292
pkt-krb-ipsec	1293
cmmdriver	1294
eetp	1295
dproxy	1296
sdproxy	1297
lpcp	1298
hp-sci	1299
h323hostcallsc	1300
ci3-software-1	1301
ci3-software-2	1302
sftsrv	1303
boomerang	1304
pe-mike	1305
re-conn-proto	1306
pacmand	1307
odsi	1308
jtag-server	1309
husky	1310
rxmon	1311
sti-envision	1312
bmc_patroldb	1313
NETrojan	1313
pdps	1314
els	1315
exbit-escp	1316
vrts-ipcserver	1317
krb5gatekeeper	1318
panja-icsp	1319
panja-axbnet	1320
pip	1321
novation	1322
brcd	1323
delta-mcp	1324
dx-instrument	1325
wimsic	1326
ultrex	1327
ewall	1328
netdb-export	1329
streetperfect	1330
intersan	1331
pcia-rxp-b	1332
passwrd-policy	1333
writesrv	1334
digital-notary	1335
ischat	1336
menandmice-dns	1337
Shadyshell	1337
MilleniumWorm	1338
MillenniumWorm	1338
wmc-log-svc	1338
kjtsiteserver	1339
naap	1340
qubes	1341
esbroker	1342
re101	1343
icap	1344
vpjp	1345
alta-ana-lm	1346
bbn-mmc	1347
bbn-mmx	1348
Bodll	1349
sbook	1349
editbench	1350
equationbuilder	1351
lotusnote	1352
relief	1353
rightbrain	1354
intuitive-edge	1355
cuillamartin	1356
pegboard	1357
connlcli	1358
ftsrv	1359
mimer	1360
linx	1361
timeflies	1362
ndm-requester	1363
ndm-server	1364
adapt-sna	1365
netware-csp	1366
dcs	1367
screencast	1368
gv-us	1369
us-gv	1370
fc-cli	1371
fc-ser	1372
chromagrafx	1373
molly	1374
bytex	1375
ibm-pps	1376
cichlid	1377
elan	1378
dbreporter	1379
telesis-licman	1380
apple-licman	1381
udt_os	1382
gwha	1383
os-licman	1384
atex_elmd	1385
checksum	1386
Dagger	1386
cadsi-lm	1387
objective-dbc	1388
iclpv-dm	1389
iclpv-sc	1390
iclpv-sas	1391
iclpv-pm	1392
iclpv-nls	1393
GoFriller	1394
iclpv-nlc	1394
iclpv-wsm	1395
dvl-activemail	1396
audio-activmail	1397
video-activmail	1398
cadkey-licman	1399
cadkey-tablet	1400
goldleaf-licman	1401
prm-sm-np	1402
prm-nm-np	1403
igi-lm	1404
ibm-res	1405
netlabs-lm	1406
dbsa-lm	1407
sophia-lm	1408
here-lm	1409
hiq	1410
af	1411
innosys	1412
innosys-acl	1413
ibm-mqseries	1414
dbstar	1415
novell-lu6.2	1416
timbuktu-srv1	1417
timbuktu-srv2	1418
timbuktu-srv3	1419
timbuktu-srv4	1420
gandalf-lm	1421
autodesk-lm	1422
essbase	1423
hybrid	1424
zion-lm	1425
sais	1426
mloadd	1427
informatik-lm	1428
nms	1429
tpdu	1430
rgtp	1431
blueberry-lm	1432
ms-sql-s	1433
ms-sql-m	1434
ibm-cics	1435
saism	1436
tabula	1437
eicon-server	1438
eicon-x25	1439
eicon-slp	1440
cadis-1	1441
RemoteStorm	1441
cadis-2	1442
ies-lm	1443
marcam-lm	1444
proxima-lm	1445
ora-lm	1446
apri-lm	1447
oc-lm	1448
peport	1449
dwf	1450
infoman	1451
gtegsc-lm	1452
genie-lm	1453
interhdl_elmd	1454
esl-lm	1455
dca	1456
valisys-lm	1457
nrcabq-lm	1458
proshare1	1459
proshare2	1460
ibm_wrless_lan	1461
world-lm	1462
nucleus	1463
msl_lmd	1464
pipes	1465
oceansoft-lm	1466
csdmbase	1467
csdm	1468
aal-lm	1469
uaiact	1470
csdmbase	1471
csdm	1472
openmath	1473
telefinder	1474
taligent-lm	1475
clvm-cfg	1476
ms-sna-server	1477
ms-sna-base	1478
dberegister	1479
pacerforum	1480
airs	1481
miteksys-lm	1482
afs	1483
confluent	1484
lansource	1485
nms_topo_serv	1486
localinfosrvr	1487
docstor	1488
dmdocbroker	1489
insitu-conf	1490
anynetgateway	1491
FTP99CMP	1492
stone-design-1	1492
netmap_lm	1493
citrix-ica	1494
citrix	1494
cvc	1495
liberty-lm	1496
rfx-lm	1497
sybase-sqlany	1498
watcom-sql	1498
fhc	1499
vlsi-lm	1500
saiscm	1501
shivadiscovery	1502
imtc-mcs	1503
Netmeeting	1503
evb-elm	1504
funkproxy	1505
utcd	1506
symplex	1507
diagmond	1508
PsyberStreamingServer	1509
robcad-lm	1509
mvx-lm	1510
3l-l1	1511
wins	1512
fujitsu-dtc	1513
fujitsu-dtcns	1514
ifor-protocol	1515
vpad	1516
vpac	1517
vpvd	1518
vpvc	1519
atm-zip-office	1520
oracle	1521
ricardo-lm	1522
cichild-lm	1523
ingreslock	1524
Trinoo	1524
orasrv	1525
prospero-np	1525
pdap-np	1526
tlisrv	1527
mciautoreg	1528
coauthor	1529
support	1529
rap-service	1530
rap-listen	1531
miroconnect	1532
sametime	1533
micromuse-lm	1534
ampr-info	1535
ampr-inter	1536
W32bckdr	1536
sdsc-lm	1537
3ds-lm	1538
intellistor-lm	1539
rds	1540
rds2	1541
gridgen-elmd	1542
simba-cs	1543
aspeclmd	1544
vistium-share	1545
abbaccuray	1546
laplink	1547
axon-lm	1548
shivahose	1549
3m-image-lm	1550
hecmtl-db	1551
pciarray	1552
sna-cs	1553
caci-lm	1554
livelan	1555
ashwin	1556
arbortext-lm	1557
xingmpeg	1558
web2host	1559
asci-val	1560
facilityview	1561
pconnectmgr	1562
cadabra-lm	1563
pay-per-view	1564
winddlb	1565
corelvideo	1566
jlicelmd	1567
RemoteHack	1568
tsspmap	1568
ets	1569
orbixd	1570
rdb-dbs-disp	1571
chip-lm	1572
itscomm-ns	1573
kazaa	1574
oraclenames	1575
moldflow-lm	1576
hypercube-lm	1577
jacobus-lm	1578
ioc-sea-lm	1579
tn-tl-r1	1580
mil-2045-47001	1581
msims	1582
simbaexpress	1583
tn-tl-fd2	1584
intv	1585
ibm-abtact	1586
pra_elmd	1587
triquest-lm	1588
vqp	1589
gemini-lm	1590
ncpm-pm	1591
commonspace	1592
mainsoft-lm	1593
sixtrak	1594
radio	1595
radio-sm	1596
orbplus-iiop	1597
picknfs	1598
simbaservices	1599
DirectConnection	1600
issd	1600
ShivkaBurka	1600
Shivka-Burka	1600
aas	1601
inspect	1602
picodbc	1603
icabrowser	1604
slp	1605
slm-api	1606
stt	1607
smart-lm	1608
isysg-lm	1609
taurus-wh	1610
ill	1611
netbill-trans	1612
netbill-keyrep	1613
netbill-cred	1614
netbill-auth	1615
netbill-prod	1616
nimrod-agent	1617
skytelnet	1618
xs-openstorage	1619
faxportwinport	1620
softdataphone	1621
ontime	1622
jaleosnd	1623
udp-sr-port	1624
svs-omagent	1625
shockwave	1626
t128-gateway	1627
lontalk-norm	1628
lontalk-urgnt	1629
oraclenet8cman	1630
visitview	1631
pammratc	1632
pammrpc	1633
loaprobe	1634
edb-server1	1635
cncp	1636
cnap	1637
cnip	1638
cert-initiator	1639
cert-responder	1640
invision	1641
isis-am	1642
isis-ambc	1643
saiseh	1644
datametrics	1645
sa-msg-port	1646
rsap	1647
concurrent-lm	1648
kermit	1649
nkd	1650
shiva_confsrvr	1651
xnmp	1652
alphatech-lm	1653
stargatealerts	1654
dec-mbadmin	1655
dec-mbadmin-h	1656
fujitsu-mmpdc	1657
sixnetudr	1658
sg-lm	1659
skip-mc-gikreq	1660
netview-aix-1	1661
netview-aix-2	1662
netview-aix-3	1663
netview-aix-4	1664
netview-aix-5	1665
netview-aix-6	1666
netview-aix-7	1667
netview-aix-8	1668
netview-aix-9	1669
netview-aix-10	1670
netview-aix-11	1671
netview-aix-12	1672
proshare-mc-1	1673
proshare-mc-2	1674
pdp	1675
netcomm1	1676
groupwise	1677
prolink	1678
darcorp-lm	1679
carboncopy	1680
microcom-sbp	1680
sd-elmd	1681
lanyon-lantern	1682
ncpm-hip	1683
snaresecure	1684
n2nremote	1685
cvmon	1686
nsjtp-ctrl	1687
nsjtp-data	1688
firefox	1689
ng-umds	1690
empire-empuma	1691
sstsys-lm	1692
rrirtr	1693
rrimwm	1694
rrilwm	1695
rrifmm	1696
rrisat	1697
rsvp-encap-1	1698
rsvp-encap-2	1699
mps-raft	1700
l2f	1701
deskshare	1702
Exploiter	1703
hb-engine	1703
bcs-broker	1704
slingshot	1705
jetform	1706
vdmplay	1707
gat-lmd	1708
centra	1709
impera	1710
pptconference	1711
registrar	1712
conferencetalk	1713
sesi-lm	1714
houdini-lm	1715
xmsg	1716
fj-hdnet	1717
h323gatedisc	1718
h323gatestat	1719
h323hostcall	1720
caicci	1721
hks-lm	1722
pptp	1723
csbphonemaster	1724
iden-ralp	1725
iberiagames	1726
winddx	1727
telindus	1728
citynl	1729
roketz	1730
msiccp	1731
proxim	1732
siipat	1733
cambertx-lm	1734
privatechat	1735
street-stream	1736
ultimad	1737
gamegen1	1738
webaccess	1739
encore	1740
cisco-net-mgmt	1741
3Com-nsd	1742
cinegrfx-lm	1743
ncpm-ft	1744
remote-winsock	1745
ftrapid-1	1746
ftrapid-2	1747
oracle-em1	1748
aspen-services	1749
sslp	1750
swiftnet	1751
lofr-lm	1752
translogic-lm	1753
oracle-em2	1754
ms-streaming	1755
capfast-lmd	1756
cnhrp	1757
tftp-mcast	1758
spss-lm	1759
www-ldap-gw	1760
sms	1761
cft-0	1761
sms	1762
cft-1	1762
sms	1763
cft-2	1763
sms	1764
cft-3	1764
cft-4	1765
cft-5	1766
cft-7	1768
bmc-net-adm	1769
bmc-net-svc	1770
vaultbase	1771
essweb-gw	1772
kmscontrol	1773
global-dtserv	1774
femis	1776
powerguardian	1777
Scarab	1777
prodigy-intrnet	1778
pharmasoft	1779
dpkeyserv	1780
answersoft-lm	1781
hp-hcip	1782
finle-lm	1784
windlm	1785
funk-logger	1786
funk-license	1787
psmond	1788
hello	1789
nmsp	1790
ea1	1791
ibm-dt-2	1792
rsc-robot	1793
cera-bcm	1794
dpi-proxy	1795
vocaltec-admin	1796
uma	1797
etp	1798
netrisk	1799
ansys-lm	1800
msmq	1801
concomp1	1802
hp-hcip-gwy	1803
enl	1804
enl-name	1805
musiconline	1806
fhsp	1807
SpySender	1807
oracle-vp2	1808
oracle-vp1	1809
jerand-lm	1810
scientia-sdb	1811
radius	1812
radius-acct	1813
tdp-suite	1814
mmpft	1815
harp	1816
rkb-oscs	1817
etftp	1818
plato-lm	1819
mcagent	1820
donnyworld	1821
es-elmd	1822
unisys-lm	1823
metrics-pas	1824
direcpc-video	1825
ardt	1826
Glacier	1826
asi	1827
pcm	1827
itm-mcell-u	1828
optika-emedia	1829
net8-cman	1830
myrtle	1831
tht-treasure	1832
udpradio	1833
ardusuni	1834
ardusmul	1835
ste-smsc	1836
csoft1	1837
talnet	1838
netopia-vo1	1839
netopia-vo2	1840
netopia-vo3	1841
netopia-vo4	1842
netopia-vo5	1843
direcpc-dll	1844
altalink	1845
tunstall-pnc	1846
slp-notify	1847
fjdocdist	1848
alpha-sms	1849
gsi	1850
ctcd	1851
virtual-time	1852
vids-avtp	1853
buddy-draw	1854
fiorano-rtrsvc	1855
fiorano-msgsvc	1856
datacaptor	1857
privateark	1858
gammafetchsvr	1859
sunscalar-svc	1860
lecroy-vicp	1861
techra-server	1862
msnp	1863
paradym-31port	1864
entp	1865
swrmi	1866
udrive	1867
viziblebrowser	1868
yestrader	1869
sunscalar-dns	1870
canocentral0	1871
canocentral1	1872
fjmpjps	1873
fjswapsnp	1874
westell-stats	1875
ewcappsrv	1876
hp-webqosdb	1877
drmsmc	1878
nettgain-nms	1879
vsat-control	1880
ibm-mqseries2	1881
ecsqdmn	1882
ibm-mqisdp	1883
idmaps	1884
vrtstrapserver	1885
leoip	1886
filex-lport	1887
ncconfig	1888
unify-adapter	1889
wilkenlistener	1890
childkey-notif	1891
childkey-ctrl	1892
elad	1893
o2server-port	1894
b-novative-ls	1896
metaagent	1897
cymtec-port	1898
mc2studios	1899
ssdp	1900
fjicl-tep-a	1901
fjicl-tep-b	1902
linkname	1903
fjicl-tep-c	1904
sugp	1905
tpmd	1906
intrastar	1907
dawn	1908
global-wlink	1909
ultrabac	1910
mtp	1911
rhp-iibp	1912
armadp	1913
elm-momentum	1914
facelink	1915
persona	1916
noagent	1917
can-nds	1918
can-dch	1919
can-ferret	1920
noadmin	1921
tapestry	1922
spice	1923
xiip	1924
discovery-port	1925
egs	1926
videte-cipc	1927
emsd-port	1928
bandwiz-system	1929
driveappserver	1930
amdsched	1931
ctt-broker	1932
xmapi	1933
xaapi	1934
tincan	1935
jetcmeserver	1936
jwserver	1937
jwclient	1938
jvserver	1939
jvclient	1940
dic-aida	1941
res	1942
beeyond-media	1943
close-combat	1944
dialogic-elmd	1945
tekpls	1946
hlserver	1947
eye2eye	1948
ismaeasdaqlive	1949
ismaeasdaqtest	1950
bcs-lmserver	1951
mpnjsc	1952
rapidbase	1953
abr-basic	1954
abr-secure	1955
vrtl-vmf-ds	1956
unix-status	1957
dxadmind	1958
simp-all	1959
nasmanager	1960
bts-appserver	1961
biap-mp	1962
webmachine	1963
solid-e-engine	1964
tivoli-npm	1965
FakeFTP	1966
slush	1966
ForYourEyesOnly	1967
sns-quote	1967
WMFTPServer	1967
lipsinc	1968
lipsinc1	1969
OpCBO	1969
netop-rc	1970
netop-school	1971
intersys-cache	1972
dlsrap	1973
drp	1974
Aureate	1975
tcoflashagent	1975
tcoregagent	1976
tcoaddressbook	1977
unisql	1978
unisql-java	1979
pearldoc-xact	1980
Bowl	1981
p2pq	1981
Shockrave	1981
estamp	1982
lhtp	1983
bb	1984
hsrp	1985
licensedaemon	1986
tr-rsrb-p1	1987
tr-rsrb-p2	1988
mshnet	1989
tr-rsrb-p3	1989
stun-p1	1990
PitFall	1991
stun-p2	1991
ipsendmsg	1992
stun-p3	1992
snmp-tcp-port	1993
stun-port	1994
perf-port	1995
tr-rsrb-port	1996
gdp-port	1997
x25-svc-port	1998
BackDoor	1999
SubSeven	1999
tcp-id-port	1999
TransScout	1999
callbook	2000
	2000
DerSpherDerSpaeher	2000
InsaneNetwork	2000
Last2000	2000
RemoteExplorer2000	2000
SennaSpyTrojanGenerator	2000
dc	2001
	2001
DerSpherDerSpaeher	2001
TrojanCow	2001
cfingerd	2003
TransScout	2003
mailbox	2004
TransScout	2004
berknet	2005
deslogin	2005
TransScout	2005
invokator	2006
dectalk	2007
conf	2008
news	2009
nfr	2010
search	2010
raid-cc	2011
ttyinfo	2012
raid-am	2013
troff	2014
cypress	2015
bootserver	2016
cypress-stat	2017
terminaldb	2018
whosockami	2019
xinupageserver	2020
servexec	2021
down	2022
RipperPro	2023
Ripper	2023
xinuexpansion3	2023
xinuexpansion4	2024
ellpack	2025
scrabble	2026
shadowserver	2027
submitserver	2028
device2	2030
blackboard	2032
glogger	2033
scoremgr	2034
imsldoc	2035
objectmanager	2038
lam	2040
korgo	2041
isis	2042
isis-bcast	2043
rimsl	2044
cdfunc	2045
sdfunc	2046
dls	2047
dls-monitor	2048
nfs	2049
shilp	2049
av-emb-config	2050
epnsdp	2051
clearvisn	2052
lot105-ds-upd	2053
weblogin	2054
iop	2055
omnisky	2056
rich-cp	2057
newwavesearch	2058
bmc-messaging	2059
teleniumdaemon	2060
netmount	2061
icg-swp	2062
icg-bridge	2063
distrib-netassholes	2064
icg-iprelay	2064
dlsrpn	2065
dlswpn	2067
avauthsrvprtcl	2068
event-port	2069
ah-esp-encap	2070
acp-port	2071
msync	2072
vbs-data-port	2073
vrtl-vmf-sa	2074
newlixengine	2075
newlixconfig	2076
trellisagt	2077
trellissvr	2078
idware-router	2079
autodesk-nlm	2080
WinHole	2080
kme-trap-port	2081
eli	2087
sep	2089
lrp	2090
prp	2091
descent3	2092
nbx-cc	2093
nbx-au	2094
nbx-ser	2095
nbx-dir	2096
jetformpreview	2097
dialog-port	2098
h2250-annex-g	2099
amiganetfs	2100
rtcm-sc104	2101
zephyr-srv	2102
zephyr-clt	2103
zephyr-hm	2104
eklogin	2105
minipay	2105
ekshell	2106
mzap	2106
bintec-admin	2107
comcam	2108
rkinit	2108
ergolight	2109
umsp	2110
dsatp	2111
kx	2111
idonix-metanet	2112
kip	2112
hsl-storm	2113
newheights	2114
Bugs	2115
kdm	2115
ccowcmr	2116
mentaclient	2117
mentaserver	2118
gsigatekeeper	2119
kauth	2120
qencp	2120
scientia-ssdb	2121
caupc-remote	2122
gtp-control	2123
elatelink	2124
lockstep	2125
pktcable-cops	2126
index-pc-wb	2127
net-steward	2128
cs-live	2129
swc-xds	2130
avantageb2b	2131
avail-epmap	2132
zymed-zpp	2133
avenue	2134
gris	2135
appworxsrv	2136
connect	2137
unbind-cluster	2138
ias-auth	2139
Foreplay	2140
ias-reg	2140
TheInvasor	2140
ias-admind	2141
tdm-over-ip	2142
lv-jc	2143
lv-ffx	2144
lv-pici	2145
lv-not	2146
lv-auth	2147
veritas-ucl	2148
acptsys	2149
dynamic3d	2150
docent	2151
gtp-user	2152
IllusionMailer	2155
apc-cms	2160
x-bone-api	2165
iwserver	2166
mc-gt-srv	2180
eforward	2181
ici	2200
ats	2201
imtc-map	2202
kali	2213
netiq	2220
rockwell-csp1	2221
AMD	2222
rockwell-csp2	2222
rockwell-csp3	2223
ivs-video	2232
infocrypt	2233
directplay	2234
sercomm-wlink	2235
nani	2236
optech-port1-lm	2237
aviva-sna	2238
imagequery	2239
recipe	2240
ivsd	2241
foliocorp	2242
magicom	2243
nmsserver	2244
hao	2245
remote-collab	2250
Nirvana	2255
vrtp	2255
xmquery	2279
lnvpoller	2280
lnvconsole	2281
lnvalarm	2282
HVLRat5	2283
HvlRAT	2283
lnvstatus	2283
lnvmaps	2284
lnvmailmon	2285
nas-metering	2286
dna	2287
netml	2288
konshus-lm	2294
advant-lm	2295
theta-lm	2296
d2k-datamover1	2297
d2k-datamover2	2298
pc-telecommute	2299
cvmmon	2300
Xplorer	2300
compaqdiag	2301
binderysupport	2302
proxy-gateway	2303
attachmate-uts	2304
mt-scaleserver	2305
tappi-boxnet	2306
pehelp	2307
sdhelp	2308
sdserver	2309
sdclient	2310
messageservice	2311
Studio54	2311
iapp	2313
cr-websystems	2314
precise-sft	2315
sent-lm	2316
attachmate-g32	2317
cadencecontrol	2318
infolibria	2319
siebel-ns	2320
rdlap	2321
ofsd	2322
3d-nfsd	2323
cosmocall	2324
designspace-lm	2325
idcp	2326
xingcsm	2327
netrix-sftm	2328
nvd	2329
IRCContact	2330
tscchat	2330
agentview	2331
IRCContact	2331
IRCContact	2332
rcc-host	2332
IRCContact	2333
snapp	2333
ace-client	2334
IRCContact	2334
ace-proxy	2335
IRCContact	2335
appleugcontrol	2336
IRCContact	2336
ideesrv	2337
IRCContact	2337
IRCContact	2338
norton-lambert	2338
3com-webview	2339
IRCContact	2339
VoiceSpyOBS	2339
VoiceSpy	2339
wrs_registry	2340
xiostatus	2341
manage-exec	2342
nati-logos	2343
fcmsys	2344
dbm	2345
DolyTrojan	2345
redstorm_join	2346
redstorm_find	2347
redstorm_info	2348
redstorm_diag	2349
psbserver	2350
psrserver	2351
pslserver	2352
pspserver	2353
psprserver	2354
psdbserver	2355
gxtelmd	2356
unihub-server	2357
futrix	2358
flukeserver	2359
nexstorindltd	2360
tl1	2361
digiman	2362
mediacntrlnfsd	2363
oi-2000	2364
dbref	2365
qip-login	2366
service-ctrl	2367
opentable	2368
acs2000-dsp	2369
compaq-econnect	2370
l3-hbmon	2370
compaq-https	2381
ms-olap3	2382
ms-olap4	2383
sd-request	2384
ovsessionmgr	2389
rsmtp	2390
3com-net-mgmt	2391
tacticalauth	2392
ms-olap1	2393
ms-olap2	2394
lan900_remote	2395
wusage	2396
ncl	2397
orbiter	2398
fmpro-fdal	2399
opequus-server	2400
Portd	2400
cvspserver	2401
taskmaster2000	2402
taskmaster2000	2403
iec870-5-104	2404
trc-netpoll	2405
jediserver	2406
orion	2407
optimanet	2408
sns-protocol	2409
vrts-registry	2410
netwave-ap-mgmt	2411
cdn	2412
orion-rmi-reg	2413
beeyond	2414
comtest	2415
rmtserver	2416
composit-server	2417
cas	2418
attachmate-s2s	2419
dslremote-mgmt	2420
g-talk	2421
crmsbits	2422
rnrp	2423
kofax-svr	2424
fjitsuappmgr	2425
applianttcp	2426
mgcp-gateway	2427
ott	2428
ft-role	2429
venus	2430
venus-se	2431
codasrv	2432
codasrv-se	2433
pxc-epmap	2434
optilogic	2435
topx	2436
unicontrol	2437
msp	2438
sybasedbsynch	2439
spearway	2440
pvsw-inet	2441
netangel	2442
powerclientcsf	2443
btpp2sectrans	2444
dtn1	2445
bues_service	2446
ovwdb	2447
hpppssvr	2448
ratl	2449
netadmin	2450
netchat	2451
snifferclient	2452
madge-om	2453
indx-dds	2454
wago-io-system	2455
altav-remmgt	2456
rapido-ip	2457
griffin	2458
community	2459
ms-theater	2460
qadmifoper	2461
qadmifevent	2462
symbios-raid	2463
direcpc-si	2464
lbm	2465
lbf	2466
high-criteria	2467
qip-msgd	2468
mti-tcs-comm	2469
taskman-port	2470
seaodbc	2471
c3	2472
aker-cdp	2473
vitalanalysis	2474
ace-server	2475
ace-svr-prop	2476
ssm-cvs	2477
ssm-cssps	2478
ssm-els	2479
lingwood	2480
giop	2481
giop-ssl	2482
ttc	2483
ttc-ssl	2484
netobjects1	2485
netobjects2	2486
pns	2487
moy-corp	2488
tsilb	2489
qip-qdhcp	2490
conclave-cpp	2491
groove	2492
talarian-mqs	2493
bmc-ar	2494
fast-rem-serv	2495
dirgis	2496
quaddb	2497
odn-castraq	2498
unicontrol	2499
rtsserv	2500
rtsclient	2501
kentrox-prot	2502
nms-dpnss	2503
wlbs	2504
torque-traffic	2505
jbroker	2506
spock	2507
jdatastore	2508
fjmpss	2509
fjappmgrbulk	2510
metastorm	2511
citrixima	2512
citrixadmin	2513
facsys-ntp	2514
facsys-router	2515
maincontrol	2516
call-sig-trans	2517
willy	2518
globmsgsvc	2519
pvsw	2520
adaptecmgr	2521
windb	2522
qke-llc-v3	2523
optiwave-lm	2524
ms-v-worlds	2525
ema-sent-lm	2526
iqserver	2527
ncr_ccl	2528
utsftp	2529
vrcommerce	2530
ito-e-gui	2531
ovtopmd	2532
snifferserver	2533
combox-web-acc	2534
madcap	2535
btpp2audctr1	2536
upgrade	2537
vnwk-prapi	2538
vsiadmin	2539
lonworks	2540
lonworks2	2541
davinci	2542
reftek	2543
novell-zen	2544
sis-emt	2545
vytalvaultbrtp	2546
vytalvaultvsmp	2547
vytalvaultpipe	2548
ipass	2549
ads	2550
isg-uda-server	2551
call-logging	2552
efidiningport	2553
vcnet-link-v10	2554
compaq-wcp	2555
Lion	2555
T0rnRootkit	2555
bagle-backdoor	2556
nicetec-mgmt	2557
pclemultimedia	2558
lstp	2559
labrat	2560
mosaixcc	2561
delibo	2562
cti-redwood	2563
hp-3000-telnet	2564
coord-svr	2565
Striker	2565
Strikertrojan	2565
pcs-pcw	2566
clp	2567
spamtrap	2568
sonuscallsig	2569
hs-port	2570
cecsvc	2571
ibp	2572
trustestablish	2573
blockade-bpsp	2574
hl7	2575
tclprodebugger	2576
scipticslsrvr	2577
rvs-isdn-dcp	2578
mpfoncl	2579
tributary	2580
argis-te	2581
argis-ds	2582
mon	2583
WinCrash	2583
cyaserv	2584
netx-server	2585
netx-agent	2586
masc	2587
privilege	2588
Dagger	2589
quartus-tcl	2589
idotdist	2590
maytagshuffle	2591
netrek	2592
mns-mail	2593
dts	2594
worldfusion1	2595
worldfusion2	2596
homesteadglory	2597
citriximaclient	2598
meridiandata	2599
DigitalRootBeer	2600
hpstgmgr	2600
zebrasrv	2600
discp-client	2601
zebra	2601
discp-server	2602
ripd	2602
ripngd	2603
servicemeter	2603
nsc-ccs	2604
ospfd	2604
bgpd	2605
nsc-posa	2605
netmon	2606
connection	2607
wag-service	2608
system-monitor	2609
versa-tek	2610
lionhead	2611
qpasa-agent	2612
smntubootstrap	2613
neveroffline	2614
firepower	2615
appswitch-emp	2616
cmadmin	2617
priority-e-com	2618
bruce	2619
lpsrecommender	2620
miles-apart	2621
metricadbc	2622
lmdp	2623
aria	2624
blwnkl-port	2625
gbjd816	2626
moshebeeri	2627
webster	2627
dict	2628
sitaraserver	2629
sitaramgmt	2630
sitaradir	2631
irdg-post	2632
interintelli	2633
pk-electronics	2634
backburner	2635
solve	2636
imdocsvc	2637
sybase	2638
aminet	2639
sai_sentlm	2640
hdl-srv	2641
tragic	2642
gte-samp	2643
travsoft-ipx-t	2644
novell-ipx-cmd	2645
and-lm	2646
syncserver	2647
upsnotifyprot	2648
vpsipport	2649
eristwoguns	2650
ebinsite	2651
interpathpanel	2652
sonus	2653
corel_vncadmin	2654
unglue	2655
kana	2656
sns-dispatcher	2657
sns-admin	2658
sns-query	2659
gcmonitor	2660
olhost	2661
bintec-capi	2662
bintec-tapi	2663
patrol-mq-gm	2664
patrol-mq-nm	2665
extensis	2666
alarm-clock-s	2667
alarm-clock-c	2668
toad	2669
tve-announce	2670
newlixreg	2671
nhserver	2672
firstcall42	2673
ewnn	2674
ttc-etap	2675
simslink	2676
gadgetgate1way	2677
gadgetgate2way	2678
syncserverssl	2679
pxc-sapxom	2680
mpnjsomb	2681
srsp	2682
ncdloadbalance	2683
mpnjsosv	2684
mpnjsocl	2685
mpnjsomg	2686
pq-lic-mgmt	2687
md-cg-http	2688
fastlynx	2689
hp-nnm-data	2690
itinternet	2691
admins-lms	2692
belarc-http	2693
pwrsevent	2694
vspread	2695
unifyadmin	2696
oce-snmp-trap	2697
mck-ivpip	2698
csoft-plusclnt	2699
tqdata	2700
sms-rcinfo	2701
BlackDiver	2702
sms-xfer	2702
sms-chat	2703
sms-remctrl	2704
sds-admin	2705
ncdmirroring	2706
emcsymapiport	2707
banyan-net	2708
supermon	2709
sso-service	2710
sso-control	2711
aocp	2712
raven1	2713
raven2	2714
hpstgmgr2	2715
inova-ip-disco	2716
ThePrayer	2716
pn-requester	2717
pn-requester2	2718
scan-change	2719
wkars	2720
smart-diagnose	2721
proactivesrvr	2722
watchdognt	2723
qotps	2724
msolap-ptp2	2725
tams	2726
mgcp-callagent	2727
sqdr	2728
tcim-control	2729
nec-raidplus	2730
netdragon-msngr	2731
g5m	2732
signet-ctf	2733
ccs-software	2734
netiq-mc	2735
radwiz-nms-srv	2736
srp-feedback	2737
ndl-tcp-ois-gw	2738
tn-timing	2739
alarm	2740
tsb	2741
tsb2	2742
murx	2743
honyaku	2744
Bagle.C	2745
cpudpencap	2746
fjippol-swrly	2747
fjippol-polsvr	2748
fjippol-cnsl	2749
fjippol-port1	2750
fjippol-port2	2751
rsisysaccess	2752
de-spot	2753
apollo-cc	2754
expresspay	2755
simplement-tie	2756
cnrp	2757
apollo-status	2758
apollo-gms	2759
sabams	2760
dicom-iscl	2761
dicom-tls	2762
desktop-dna	2763
data-insurance	2764
qip-audup	2765
compaq-scp	2766
listen	2766
nlps	2766
uadtc	2767
uacs	2768
singlept-mvs	2769
veronica	2770
vergencecm	2771
auris	2772
pcbakcup1	2773
SubSeven2.1Gold	2773
SubSeven	2773
pcbakcup2	2774
SubSeven2.1Gold	2774
SubSeven	2774
smpp	2775
ridgeway1	2776
ridgeway2	2777
gwen-sonya	2778
lbc-sync	2779
lbc-control	2780
whosells	2781
everydayrc	2782
aises	2783
www-dev	2784
aic-np	2785
aic-oncrpc	2786
piccolo	2787
fryeserv	2788
media-agent	2789
plgproxy	2790
mtport-regist	2791
f5-globalsite	2792
initlsmsad	2793
aaftp	2794
livestats	2795
ac-tech	2796
esp-encap	2797
tmesis-upshot	2798
icon-discover	2799
acc-raid	2800
igcp	2801
PhineasPhucker	2801
veritas-tcp1	2802
btprjctrl	2803
telexis-vtu	2804
wta-wsp-s	2805
cspuni	2806
cspmulti	2807
j-lan-p	2808
corbaloc	2809
netsteward	2810
gsiftp	2811
atmtcp	2812
llm-pass	2813
llm-csv	2814
lbc-measure	2815
lbc-watchdog	2816
nmsigport	2817
rmlnk	2818
fc-faultnotify	2819
univision	2820
vml-dms	2821
ka0wuc	2822
cqg-netlan	2823
cqg-netlan-1	2824
slc-systemlog	2826
slc-ctrlrloops	2827
itm-lm	2828
silkp1	2829
silkp2	2830
silkp3	2831
silkp4	2832
glishd	2833
evtp	2834
evtp-data	2835
catalyst	2836
repliweb	2837
starbot	2838
nmsigport	2839
l3-exprt	2840
l3-ranger	2841
l3-hawk	2842
pdnet	2843
bpcp-poll	2844
bpcp-trap	2845
aimpp-hello	2846
aimpp-port-req	2847
amt-blc-port	2848
fxp	2849
metaconsole	2850
webemshttp	2851
bears-01	2852
ispipes	2853
infomover	2854
cesdinv	2856
simctlp	2857
ecnp	2858
activememory	2859
dialpad-voice1	2860
dialpad-voice2	2861
ttg-protocol	2862
sonardata	2863
astromed-main	2864
pit-vpn	2865
lwlistener	2866
esps-portal	2867
npep-messaging	2868
icslap	2869
daishi	2870
msi-selectplay	2871
contract	2872
paspar2-zoomin	2873
dxmessagebase1	2874
dxmessagebase2	2875
sps-tunnel	2876
bluelance	2877
aap	2878
ucentric-ds	2879
synapse	2880
ndsp	2881
ndtp	2882
ndnp	2883
flashmsg	2884
topflow	2885
responselogic	2886
aironetddp	2887
spcsdlobby	2888
rsom	2889
cspclmulti	2890
cinegrfx-elmd	2891
snifferdata	2892
vseconnector	2893
abacus-remote	2894
natuslink	2895
ecovisiong6-1	2896
citrix-rtmp	2897
appliance-cfg	2898
powergemplus	2899
quicksuite	2900
allstorcns	2901
netaspi	2902
suitcase	2903
m2ua	2904
m3ua	2905
caller9	2906
webmethods-b2b	2907
mao	2908
funk-dialout	2909
tdaccess	2910
blockade	2911
epicon	2912
boosterware	2913
gamelobby	2914
tksocket	2915
elvin_server	2916
elvin_client	2917
kastenchasepad	2918
roboer	2919
roboeda	2920
cesdcdman	2921
cesdcdtrn	2922
wta-wsp-wtp-s	2923
precise-vip	2924
mobile-file-dl	2926
unimobilectrl	2927
redstone-cpss	2928
Konik	2929
panja-webadmin	2929
panja-weblinx	2930
circle-x	2931
incp	2932
4-tieropmgw	2933
4-tieropmcli	2934
qtp	2935
otpatch	2936
pnaconsult-lm	2937
sm-pas-1	2938
sm-pas-2	2939
sm-pas-3	2940
sm-pas-4	2941
sm-pas-5	2942
ttnrepository	2943
megaco-h248	2944
h248-binary	2945
fjsvmpor	2946
gpsd	2947
wap-push	2948
wap-pushsecure	2949
esip	2950
ottp	2951
mpfwsas	2952
ovalarmsrv	2953
ovalarmsrv-cmd	2954
csnotify	2955
ovrimosdbman	2956
jmact5	2957
jmact6	2958
rmopagt	2959
dfoxserver	2960
boldsoft-lm	2961
iph-policy-cli	2962
iph-policy-adm	2963
bullant-srap	2964
bullant-rap	2965
idp-infotrieve	2966
ssc-agent	2967
enpp	2968
essp	2969
index-net	2970
netclip	2971
pmsm-webrctl	2972
svnetworks	2973
signal	2974
fjmpcm	2975
cns-srv-port	2976
ttc-etap-ns	2977
ttc-etap-ds	2978
h263-video	2979
wimd	2980
mylxamport	2981
iwb-whiteboard	2982
netplan	2983
hpidsadmin	2984
hpidsagent	2985
stonefalls	2986
identify	2987
classify	2988
zarkov	2989
boscap	2990
wkstn-mon	2991
itb301	2992
veritas-vis1	2993
veritas-vis2	2994
idrs	2995
vsixml	2996
rebol	2997
realsecure	2998
remoteware-un	2999
hbci	3000
InetSpy	3000
ppp	3000
RemoteShut	3000
remoteware-cl	3000
nessusd	3001
redwood-broker	3001
exlm-agent	3002
remoteware-srv	3002
cgms	3003
csoftragent	3004
deslogin	3005
geniuslm	3005
deslogind	3006
ii-admin	3006
lotusmtap	3007
midnight-tech	3008
pxc-ntfy	3009
gw	3010
trusted-web	3011
twsdss	3012
gilatskysurfer	3013
broker_service	3014
nati-dstp	3015
notify_srvr	3016
event_listener	3017
srvc_registry	3018
resource_mgr	3019
cifs	3020
agriserver	3021
csregagent	3022
magicnotes	3023
nds_sso	3024
WinCrash	3024
arepa-raft	3025
agri-gateway	3026
LiebDevMgmt_C	3027
LiebDevMgmt_DM	3028
LiebDevMgmt_A	3029
arepa-cas	3030
agentvu	3031
Microspy	3031
redwood-chat	3032
pdb	3033
osmosis-aeea	3034
fjsv-gssagt	3035
hagel-dump	3036
hp-san-mgmt	3037
santak-ups	3038
cogitate	3039
tomato-springs	3040
di-traceware	3041
journee	3042
brp	3043
epp	3044
responsenet	3045
di-ase	3046
hlserver	3047
pctrader	3048
cfs	3049
nsws	3049
gds_db	3050
galaxy-server	3051
apcpcns	3052
dsom-server	3053
amt-cnf-prot	3054
policyserver	3055
cdl-server	3056
goahead-fldup	3057
videobeans	3058
qsoft	3059
interserver	3060
cautcpd	3061
ncacn-ip-tcp	3062
ncadg-ip-udp	3063
distrib-net-proxy	3064
rprt	3064
slinterbase	3065
netattachsdmp	3066
korgo	3067
ls3bcast	3068
ls3	3069
mgxswitch	3070
csd-mgmt-port	3071
csd-monitor	3072
vcrp	3073
orbix-locator	3075
orbix-config	3076
orbix-loc-ssl	3077
orbix-cfg-ssl	3078
lv-frontpanel	3079
stm_pproc	3080
tl1-lv	3081
tl1-raw	3082
tl1-telnet	3083
itm-mccs	3084
pcihreq	3085
jdl-dbkitchen	3086
sj3	3086
asoki-sma	3087
xdtp	3088
ptk-alink	3089
rtss	3090
njfss	3092
rapidmq-center	3093
rapidmq-reg	3094
panasas	3095
ndl-aps	3096
umm-port	3098
chmd	3099
opcon-xps	3100
hp-pxpib	3101
slslavemon	3102
autocuesmi	3103
autocuelog	3104
cardbox	3105
cardbox-http	3106
rdi-business	3107
rdi-geolocate	3108
rdi-personnel	3109
sim-control	3110
wsynch	3111
mydoom	3127
ctx-bridge	3127
squid-http	3128
MastersParadise	3129
icpv2	3130
netbookmark	3131
SubSARI	3131
vmodem	3141
rdc-wh-eos	3142
seaview	3143
tarantella	3144
csi-lfap	3145
rfio	3147
nm-game-admin	3148
nm-game-server	3149
Foreplay	3150
MiniBacklash	3150
nm-asses-admin	3150
TheInvasor	3150
nm-assessor	3151
mc-brk-srv	3180
bmcpatrolagent	3181
bmcpatrolrnvu	3182
cpq-tasksmart	3201
necp	3262
ccmail	3264
altav-tunnel	3265
ns-cfg-server	3266
ibm-dial-out	3267
msft-gc	3268
msft-gc-ssl	3269
verismart	3270
csoft-prev	3271
user-manager	3272
sxmp	3273
ordinox-server	3274
samd	3275
maxim-asics	3276
awg-proxy	3277
lkcmserver	3278
admind	3279
vs-server	3280
sysopt	3281
datusorb	3282
net-assistant	3283
4talk	3284
plato	3285
e-net	3286
directvdata	3287
cops	3288
enpc	3289
caps-lm	3290
sah-lm	3291
cart-o-rama	3292
fg-fps	3293
fg-gip	3294
dyniplookup	3295
rib-slm	3296
cytel-lm	3297
transview	3298
pdrncs	3299
mcs-fastmail	3302
opsession-clnt	3303
opsession-srvr	3304
odette-ftp	3305
mysql	3306
opsession-prxy	3307
tns-server	3308
tns-adv	3309
dyna-access	3310
mcns-tel-ret	3311
appman-server	3312
uorb	3313
uohost	3314
cdid	3315
aicc-cmi	3316
vsaiport	3317
ssrip	3318
sdt-lmd	3319
officelink2000	3320
vnsstr	3321
active-net	3322
active-net	3324
sftu	3326
bbars	3327
egptlm	3328
hp-device-disc	3329
mcs-calypsoicf	3330
mcs-messaging	3331
mcs-mailsvr	3332
dec-notes	3333
directv-web	3334
directv-soft	3335
directv-tick	3336
directv-catlg	3337
anet-b	3338
anet-l	3339
anet-m	3340
anet-h	3341
webtie	3342
ms-cluster-net	3343
bnt-manager	3344
influence	3345
trnsprntproxy	3346
phoenix-rpc	3347
pangolin-laser	3348
chevinservices	3349
findviatv	3350
btrieve	3351
ssql	3352
fatpipe	3353
suitjd	3354
ordinox-dbase	3355
upnotifyps	3356
adtech-test	3357
mpsysrmsvr	3358
wg-netforce	3359
kv-server	3360
kv-agent	3361
dj-ilm	3362
nati-vi-server	3363
creativeserver	3364
contentserver	3365
creativepartnr	3366
tip2	3372
lavenir-lm	3373
cluster-disc	3374
vsnm-agent	3375
cdborker	3376
cogsys-lm	3377
wsicopy	3378
socorfs	3379
sns-channels	3380
geneous	3381
fujitsu-neat	3382
esp-lm	3383
hp-clic	3384
qnxnetman	3385
gprs-data	3386
backroomnet	3387
cbserver	3388
ms-term-services	3389
dsc	3390
savant	3391
efi-lm	3392
d2k-tapestry1	3393
d2k-tapestry2	3394
dyna-lm	3395
printer_agent	3396
cloanto-lm	3397
mercantile	3398
csms	3399
csms2	3400
filecast	3401
bmap	3421
mira	3454
prsvp	3455
Terrortrojan	3456
vat	3456
vat-control	3457
d3winosfi	3458
Eclipse2000	3459
integral	3459
Sanctuary	3459
edm-manager	3460
edm-stager	3461
edm-std-notify	3462
track	3462
edm-adm-notify	3463
edm-mgr-sync	3464
edm-mgr-cntrl	3465
workflow	3466
rcst	3467
ttcmremotectrl	3468
pluribus	3469
jt400	3470
jt400-ssl	3471
ms-la	3535
watcomdebug	3563
harlequinorb	3672
PortalofDoom	3700
ca-idms	3709
PsychWard	3777
rwbs	3782
Eclypse	3791
TotalSolarEclypse	3791
TotalSolarEclypse	3801
vhd	3802
v-one-spp	3845
kohan-game	3855
giga-pocket	3862
pnbscada	3875
udt_os	3900
mapper-nodemgr	3984
mapper-mapethd	3985
mapper-ws_ethd	3986
centerline	3987
Connect-BackBackdoor	4000
SkyDance	4000
terabase	4000
newoak	4001
pxc-spvr-ft	4002
pxc-splr-ft	4003
pxc-roid	4004
pxc-pin	4005
pxc-spvr	4006
pxc-splr	4007
netcheque	4008
chimera-hwm	4009
samsung-unidex	4010
altserviceboot	4011
pda-gate	4012
acl-manager	4013
taiclock	4014
talarian-mcast1	4015
talarian-mcast2	4016
talarian-mcast3	4017
talarian-mcast4	4018
talarian-mcast5	4019
CIPHERim	4040
ldxp	4042
lockd	4045
WinCrash	4092
bre	4096
patrolview	4097
drmsfsd	4098
dpcp	4099
nuts_dem	4132
nuts_bootp	4133
nifty-hmi	4134
oirtgsvc	4141
oidocsvc	4142
oidsr	4143
wincim	4144
jini-discovery	4160
eims-admin	4199
Wartrojan	4201
VirtualHackingMachine	4242
corelccam	4300
BoBo	4321
rwhois	4321
iMesh	4329
msql	4333
unicall	4343
vinainstall	4344
m4-network-as	4345
elanlm	4346
lansurveyor	4347
itose	4348
fsportmap	4349
net-device	4350
plcy-net-svcs	4351
f5-iquery	4353
phatbot	4387
saris	4442
pharos	4443
CrackDown	4444
krb524	4444
nv-video	4444
Prosiak	4444
SwiftRemote	4444
upnotifyp	4445
n1-fwp	4446
n1-rmgmt	4447
asc-slmd	4448
privatewire	4449
camp	4450
ctisystemmsg	4451
ctiprogramload	4452
nssalertmgr	4453
nssagentmgr	4454
prchat-user	4455
prchat-server	4456
prRegister	4457
EventHorizon	4488
sae-urn	4500
urn-x-cdchoice	4501
Celine	4523
InternalRevise	4545
worldscores	4545
sf-lm	4546
lanner-lm	4547
rsip	4555
fax	4557
hylafax	4559
FileNail	4567
tram	4567
bmc-reporting	4568
ICQTrojan	4590
piranha1	4600
piranha2	4601
Cero	4653
eDonkey2000	4661
eDonkey2000	4662
Mneah	4666
emule	4667
Backdoor-AML-SMTP	4668
eMule	4675
iims	4800
iwec	4801
ilss	4802
htcp	4827
varadero-0	4837
varadero-1	4838
phrelay	4868
phrelaydbg	4869
abbs	4885
radmin	4899
ICQTrogenLm	4950
ICQTrogen(Lm)	4950
att-intercom	4983
smar-se-port1	4987
smar-se-port2	4988
BackDoorSetup	5000
BackDoorSetup	5001
commplex-link	5001
SocketsdesTroie	5001
cd00r	5002
LinuxRootkitIV(4)	5002
rfe	5002
Shaft	5002
fmpro-internal	5003
avt-profile-1	5004
Aladino	5005
avt-profile-2	5005
wsm-server	5006
wsm-server-ssl	5007
Solo	5010
telelpathstart	5010
yahoo	5010
modified	5011
OneoftheLastTrojans	5011
telelpathattack	5011
zenginkyo-1	5020
zenginkyo-2	5021
WMRemoteKeyLogger	5025
NetMetropolitan	5031
NetMetropolitan	5032
asnaacceler8db	5042
mmcc	5050
ita-agent	5051
ita-manager	5052
unot	5055
intecom-ps1	5056
intecom-ps2	5057
sip	5060
sip-tls	5061
stanag-5066	5066
i-net-2000-npr	5069
powerschool	5071
sentinel-lm	5093
sentlm-srv2srv	5099
cobalt-raq	5100
rmonitor_secure	5145
atmp	5150
esri_sde	5151
sde-discovery	5152
ife_icorp	5165
aim	5190
aim	5191
aim	5192
aim	5193
targus-getdata	5200
targus-getdata1	5201
targus-getdata2	5202
targus-getdata3	5203
jabber	5222
jabber-ssl	5223
sgi-dgl	5232
padl2sim	5236
Backdoor-AML	5262
jabber-s2s	5269
pk	5272
hacl-hb	5300
hacl-gs	5301
hacl-cfg	5302
hacl-probe	5303
hacl-local	5304
hacl-test	5305
sun-mc-grp	5306
sco-aip	5307
cfengine	5308
jprinter	5309
outlaws	5310
tmlogin	5311
opalis-rbt-ipc	5314
hacl-poll	5315
Firehotcker	5321
Backage	5333
NetDemon	5333
WCRat	5343
BackConstruction	5400
BladeRunner	5400
excerpt	5400
BackConstruction	5401
BladeRunner	5401
excerpts	5401
Mneah	5401
BackConstruction	5402
BladeRunner	5402
mftp	5402
Mneah	5402
hpoms-ci-lstn	5403
hpoms-dps-lstn	5404
netsupport	5405
PcDuo	5405
systemics-sox	5406
foresyte-clear	5407
foresyte-sec	5408
salient-dtasrv	5409
salient-usrmgr	5410
actnet	5411
continuus	5412
wwiotalk	5413
statusd	5414
ns-server	5415
sns-gateway	5416
sns-agent	5417
mcntp	5418
dj-ice	5419
cylink-c	5420
netsupport2	5421
salient-mux	5422
virtualuser	5423
devbasic	5426
sco-peer-tta	5427
telaconsole	5428
base	5429
radec-corp	5430
park-agent	5431
postgres	5432
dttl	5435
apc-tcp-udp-4	5454
apc-tcp-udp-5	5455
apc-tcp-udp-6	5456
silkmeter	5461
ttl-publisher	5462
netops-broker	5465
hotline	5498
fcp-addr-srvr1	5500
hotline	5500
fcp-addr-srvr2	5501
hotline	5501
fcp-srvr-inst1	5502
fcp-srvr-inst2	5503
fcp-cics-gw1	5504
secureidprop	5510
IllusionMailer	5512
sdlog	5520
sdserv	5530
TheFlu	5534
sdreport	5540
sdadmind	5550
Xtcp	5550
sasser-ftp	5554
personal-agent	5555
ServeMe	5555
BOFacil	5556
BOFacil	5557
udpplus	5566
RoboHack	5569
Robo-Hack	5569
esinstall	5599
esmmanager	5600
esmagent	5601
a1-msc	5602
a1-bs	5603
a3-sdunode	5604
a4-sdunode	5605
pcanywheredata	5631
pcanywherestat	5632
PCCrasher	5636
PCCrasher	5637
PCCrasher	5638
rrac	5678
dccm	5679
canna	5680
proshareaudio	5713
prosharevideo	5714
prosharedata	5715
prosharerequest	5716
prosharenotify	5717
openmail	5729
unieng	5730
ida-discover1	5741
ida-discover2	5742
WinCrash	5742
fcopy-server	5745
fcopys-server	5746
openmailg	5755
x500ms	5757
PortmapRemoteRoot	5760
PRRLE	5760
openmailns	5766
s-openmail	5767
openmailpxy	5768
netagent	5771
vnc	5800
vnc	5801
Y3KRAT	5802
icmpd	5813
wherehoo	5859
SubSeven2.2	5873
Y3KRAT	5880
Y3KRAT	5882
Y3KRAT	5888
Y3KRAT	5889
vnc	5900
vnc-1	5901
vnc-2	5902
mppolicy-v5	5968
mppolicy-mgr	5969
ncd-pref-tcp	5977
ncd-diag-tcp	5978
ncd-conf-tcp	5979
wbem-rmi	5987
wbem-http	5988
wbem-https	5989
ncd-pref	5997
ncd-diag	5998
cvsup	5999
ncd-conf	5999
TheThing	6000
x11	6000
x11	6001
x11	6002
x11	6003
x11	6004
x11	6005
BadBlood	6006
x11	6006
x11	6007
x11	6008
x11	6009
x11	6010
x11	6011
x11	6012
x11	6013
x11	6014
x11	6015
x11	6016
x11	6017
x11	6018
x11	6019
x11	6020
x11	6021
x11	6022
x11	6023
x11	6024
x11	6025
x11	6026
x11	6027
x11	6028
x11	6029
x11	6030
x11	6031
x11	6032
x11	6033
x11	6034
x11	6035
x11	6036
x11	6037
x11	6038
x11	6039
x11	6040
x11	6041
x11	6042
x11	6043
x11	6044
x11	6045
x11	6046
x11	6047
x11	6048
x11	6049
x11	6050
x11	6051
x11	6052
x11	6053
x11	6054
x11	6055
x11	6056
x11	6057
x11	6058
x11	6059
x11	6060
x11	6061
x11	6062
x11	6063
ndl-ahp-svc	6064
winpharaoh	6065
ewctsp	6066
srb	6067
gsmp	6068
trip	6069
messageasap	6070
ssdtp	6071
diagnose-proc	6072
directplay8	6073
Backdoor-AML	6079
synchronet-db	6100
synchronet-rtc	6101
synchronet-upd	6102
rets	6103
dbdb	6104
primaserver	6105
mpsserver	6106
etc-control	6107
sercomm-scadmin	6108
globecast-id	6109
softcm	6110
spc	6111
dtspc	6112
fsgs	6112
backup-express	6123
dameware	6129
meta-corp	6141
aspentec-lm	6142
watershed-lm	6143
statsci1-lm	6144
statsci2-lm	6145
lonewolf-lm	6146
montage-lm	6147
ricardo-lm	6148
tal-pod	6149
crip	6253
SecretService	6272
bmc-grx	6300
emp-server1	6321
emp-server2	6322
gnutella-svc	6346
BearShare	6346
gnutella-rtr	6347
clariion-evr01	6389
6400	6400
info-was	6401
info-eventsvr	6402
info-cachesvr	6403
info-filesvr	6404
info-pagesvr	6405
info-processvr	6406
skip-cert-recv	6455
skip-cert-send	6456
lvision-lm	6471
boks	6500
boks_servc	6501
boks_servm	6502
boks_clntd	6503
badm_priv	6505
badm_pub	6506
bdir_priv	6507
bdir_pub	6508
McAfee-http	6515
apc-tcp-udp-1	6547
apc-tcp-udp-2	6548
apc-tcp-udp-3	6549
fg-sysupdate	6550
xdsxdm	6558
parsec-master	6580
parsec-peer	6581
parsec-game	6582
AnalogX	6588
TEMan	6661
Weia-Meia	6661
ircu	6665
DarkConnectionInside	6666
DarkConnection	6666
irc-serv	6666
ircu	6666
NetBusworm	6666
TCPShell.c	6666
DarkFTP	6667
EGO	6667
irc	6667
ircu	6667
kaitex	6667
Maniacrootkit	6667
Moses	6667
ScheduleAgent	6667
Subseven2.1.4DefCon8	6667
SubSeven	6667
TheThing	6667
Trinity	6667
WinSatan	6667
irc	6668
ircu	6668
HostControl	6669
ircu	6669
Vampire	6669
BackWebServer	6670
DeepThroat	6670
Foreplay	6670
vocaltec-gold	6670
WinNukeeXtreame	6670
DeepThroat	6671
vision_server	6672
vision_elmd	6673
napster	6699
WinMX	6699
kti-icad-srvr	6701
BackDoorG	6711
BackDoor-G	6711
SubSARI	6711
SubSeven	6711
VPKiller	6711
Funnytrojan	6712
SubSeven	6712
SubSeven	6713
ibprotocol	6714
Mstream	6723
bmc-perf-agent	6767
UandMe	6767
bmc-perf-mgrd	6768
DeepThroat	6771
Foreplay	6771
2000Cracks	6776
BackDoor-G	6776
SubSeven	6776
VPKiller	6776
telnet	6778
ibm-db2-admin	6789
hnmp	6790
ambit-lm	6831
netmo-default	6841
netmo-http	6842
iccrushmore	6850
bittorrent	6881
DeltaSourceDarkStar	6883
muse	6888
ShitHeep	6912
Indoctrination	6939
jmact3	6961
jmevt2	6962
swismgr1	6963
swismgr2	6964
swistrap	6965
swispol	6966
2000Cracks	6969
acmsoda	6969
Danton	6969
GateCrasher	6969
IRC3	6969
NetController	6969
Priority	6969
GateCrasher	6970
iatp-highpri	6998
iatp-normalpri	6999
afs3-fileserver	7000
ExploitTranslation	7000
Kazimas	7000
RemoteGrab	7000
SubSeven2.1Gold	7000
SubSeven	7000
afs3-callback	7001
Freak2k	7001
Freak88	7001
NetSnooperGold	7001
afs3-prserver	7002
afs3-vlserver	7003
afs3-kaserver	7004
afs3-volser	7005
afs3-errors	7006
afs3-bos	7007
afs3-update	7008
afs3-rmtsys	7009
ups-onlinet	7010
talon-disc	7011
talon-engine	7012
microtalon-dis	7013
microtalon-com	7014
talon-webserver	7015
dpserve	7020
dpserveadmin	7021
arcp	7070
lazy-ptop	7099
font-service	7100
virprot-lm	7121
Lohoboyshik	7158
clutild	7174
fodms	7200
dlip	7201
SubSeven2.1Gold	7215
SubSeven	7215
itactionserver1	7280
itactionserver2	7281
NetMonitor	7300
ODD	7300
swx	7300
NetMonitor	7301
swx	7301
swx	7302
swx	7303
swx	7304
swx	7305
NetMonitor	7306
swx	7306
NetMonitor	7307
RemoteProcessMonitor	7307
swx	7307
NetMonitor	7308
swx	7308
XSpy	7308
swx	7309
swx	7310
swx	7311
swx	7312
swx	7313
swx	7314
swx	7315
swx	7316
swx	7317
swx	7318
swx	7319
swx	7320
swx	7321
swx	7322
swx	7323
swx	7324
swx	7325
icb	7326
swx	7326
swx	7327
swx	7328
swx	7329
swx	7330
swx	7331
swx	7332
swx	7333
swx	7334
swx	7335
swx	7336
swx	7337
swx	7338
swx	7339
swx	7340
swx	7341
swx	7342
swx	7343
swx	7344
swx	7345
swx	7346
swx	7347
swx	7348
swx	7349
swx	7350
swx	7351
swx	7352
swx	7353
swx	7354
swx	7355
swx	7356
swx	7357
swx	7358
swx	7359
swx	7360
swx	7361
swx	7362
swx	7363
swx	7364
swx	7365
swx	7366
swx	7367
swx	7368
swx	7369
swx	7370
swx	7371
swx	7372
swx	7373
swx	7374
swx	7375
swx	7376
swx	7377
swx	7378
swx	7379
swx	7380
swx	7381
swx	7382
swx	7383
swx	7384
swx	7385
swx	7386
swx	7387
swx	7388
swx	7389
swx	7390
mindfilesys	7391
mrssrendezvous	7392
winqedit	7395
HostControl	7424
pmdmgr	7426
oveadmgr	7427
ovladmgr	7428
opi-sock	7429
xmpv7	7430
pmd	7431
faximum	7437
telops-lmd	7491
pafec-lm	7511
nta-ds	7544
nta-us	7545
emule	7561
vsi-omega	7566
aries-kfinder	7570
sun-lm	7588
Qaz	7597
Binghe	7626
Glacier	7626
Hyne	7626
pmdfmgt	7633
Glacier	7718
cbt	7777
FWTK-authsvr	7777
GodMessage	7777
oracle-portal	7777
TheThing(modified)	7777
Tini	7777
interwise	7778
UnReal_UT	7778
vstat	7779
accu-lmgr	7781
minivend	7786
BackDoorSetup	7789
ICKiller	7789
Mozilla	7789
Oblivion	7826
TheReVeNgEr	7891
qo-secure	7913
t2-drm	7932
t2-brm	7933
supercell	7967
micromuse-ncps	7979
quest-vista	7980
Mstream	7983
irdmi2	7999
irdmi	8000
vcom-tunnel	8001
teradataordbms	8002
http-alt	8008
novell-http	8008
netware-rmgr	8009
wingate	8010
oa-system	8022
cisco-net-mgmt	8023
pro-ed	8032
mindprint	8033
http-alt	8080
blackice	8081
blackice	8082
xprint-server	8100
cp-cluster	8116
indigo-vrmi	8130
indigo-vbcp	8131
dbabble	8132
patrol	8160
patrol-snmp	8161
Zafi.D	8181
Erkez.D	8181
pix-devmng	8181
biblioTECH	8181
snapstream	8192
trivnet1	8200
trivnet2	8201
lm-perfworks	8204
lm-instmgr	8205
lm-dta	8206
lm-sserver	8207
lm-webwatcher	8208
Bloomberg	8292
server-find	8351
cruise-enum	8376
cruise-swroute	8377
cruise-config	8378
cruise-diags	8379
cruise-update	8380
imail www	8383
cvd	8400
sabarsd	8401
abarsd	8402
admind	8403
pcsync-ssl	8443
pcsync	8444
npmp	8450
vp2p	8473
rtsp-alt	8554
Cisco Tomcat	8555
Unin68	8685
ibus	8733
mc-appserver	8763
openqueue	8764
ultraseek-http	8765
BackOrifice2000	8787
BO2K	8787
truecm	8804
FraggleRockLite	8812
cddbp-alt	8880
ddi-tcp-1	8888
sun-answerbook	8888
ddi-tcp-2	8889
ddi-tcp-3	8890
ddi-tcp-4	8891
ddi-tcp-5	8892
seosload	8892
ddi-tcp-6	8893
ddi-tcp-7	8894
jmb-cds1	8900
jmb-cds2	8901
dabber	8967
BacHack	8988
Rcon	8989
Recon	8989
Xcon	8989
cslistener	9000
Netministrator	9000
sidewinder-admin	9003
websm	9090
zeus-admin	9090
xmltec-xmlmail	9091
jetdirect	9099
jetdirect	9100
dragon	9111
netlock1	9160
netlock2	9161
netlock3	9162
netlock4	9163
netlock5	9164
wap-wsp	9200
wap-wsp-wtp	9201
wap-wsp-s	9202
wap-wsp-wtp-s	9203
wap-vcard	9204
wap-vcal	9205
wap-vcard-s	9206
wap-vcal-s	9207
callwaveiam	9283
armtechdaemon	9292
guibase	9321
mpidcmgr	9343
mphlpdmc	9344
ctechlicensing	9346
fjdmimgr	9374
fjinvmgr	9396
mpidcagt	9397
InCommand	9400
ismserver	9500
man	9535
msgsys	9594
pds	9595
micromuse-ncpw	9600
rasadv	9753
RemoteComputerControl	9870
PortalofDoom	9872
PortalofDoom	9873
PortalofDoom	9874
PortalofDoom	9875
CyberAttacker	9876
Rux	9876
sd	9876
TransScout	9878
cyborg-systems	9888
dabber	9898
sctp-tunneling	9899
iua	9900
domaintime	9909
apcpcpluswin1	9950
apcpcpluswin2	9951
apcpcpluswin3	9952
IniKiller	9989
Ini-Killer	9989
realsecure	9990
realsecure	9991
palace-1	9992
realsecure	9992
palace-2	9993
palace-3	9994
palace-4	9995
palace-5	9996
palace-6	9997
distinct32	9998
distinct	9999
ThePrayer	9999
BackupExec	10000
OpwinTRojan	10005
stel	10005
mvs-capacity	10007
Cheeseworm	10008
Lion	10008
LionWorm	10008
amanda	10080
amandaidx	10082
amidxtape	10083
Syphillis	10085
Syphillis	10086
ControlTotal	10100
GiFttrojan	10100
BrainSpy	10101
Silencer	10101
netiq-endpoint	10113
netiq-qcheck	10114
netiq-endpt	10115
bmc-perf-sd	10128
lovegate	10168
ca-licensem	10203
ca-licensem	10204
blocks	10288
AcidShivers	10520
HostControl	10528
Coma	10607
dipnet [trojan]	10758
SennaSpyTrojanGenerator	11000
SennaSpy	11000
metasys	11001
HostControl	11050
HostControl	11051
vce	11111
smsqp	11201
Progenictrojan	11223
SecretAgent	11223
imip	11319
atm-uhas	11367
pksd	11371
tempest-port	11600
h323callsigalt	11720
dipnet [trojan]	11768
Latinus	11831
entextxid	12000
entextnetwk	12001
entexthigh	12002
entextmed	12003
entextlow	12004
Gjamer	12076
hivep	12172
Hack99KeyLogger	12223
	12223
PreCursor	12310
NetBus	12345
FatBitchtrojan	12346
GabanBus	12346
NetBus	12346
X-bill	12346
BioNet	12348
BioNet	12349
Webhead	12349
Whackamole	12361
Whack-a-mole	12361
Whackamole	12362
Whack-a-mole	12362
Whack-a-mole	12363
ButtMan	12624
WhackJob	12631
Eclipse2000	12701
tsaf	12753
Mstream	12754
Backdoor-QR	12973
Backdoor-QR	12975
SennaSpy	13000
BitchController	13010
HackerBrasilHBR	13010
HackerBrasil	13010
PsychWard	13013
PsychWard	13014
neverwinternights	13139
i-zipqd	13160
	13223
powwow-client	13223
powwow-server	13224
Chupacabra	13473
bprd	13720
bpbrm	13721
bpjava-msvc	13722
vnetd	13724
bpcd	13782
vopied	13783
dsmcc-config	13818
dsmcc-session	13819
dsmcc-passthru	13820
dsmcc-download	13821
dsmcc-ccp	13822
itu-sccp-ss7	14001
palm-hotsync	14237
palm-hotsync-manage	14238
PCInvader	14500
PCInvader	14501
PCInvader	14502
PCInvader	14503
hde-lcesrvr-1	14936
hde-lcesrvr-2	14937
hydap	15000
NetDemon	15000
HostControl	15092
Mstream	15104
dipnet [trojan]	15118
xpilot	15345
SubZero	15382
CDK	15858
netserialext1	16360
netserialext2	16361
netserialext3	16367
netserialext4	16368
Mosucker	16484
Stacheldraht	16660
ICQRevenge	16772
Subseven2.1.4DefCon8	16959
SubSeven	16959
Priority	16969
intel-rci-mp	16991
isode-dua	17007
Mosaic	17166
soundsvirtual	17185
chipper	17219
Kuang2TheVirus	17300
kohan-game	17437
KidTerror	17449
CrazzyNet	17499
CrazzyNet	17500
Infector	17569
AudioDoor	17593
Nephron	17777
biimenu	18000
http_rwbs	18009
opsec-cvp	18181
opsec-ufp	18182
opsec-sam	18183
opsec-lea	18184
opsec-omi	18185
opsec-ela	18187
ac-cluster	18463
Knark	18667
apc-necmp	18888
opsec-uaa	19191
keysrvr	19283
keyshadow	19315
mtrgtrans	19398
hp-sco	19410
hp-sca	19411
hp-sessmon	19412
jcp	19541
ICQRevenge	19864
Millenium	20000
Insect	20001
Millenium(Lm)	20001
Millenium	20001
AcidkoR	20002
btx	20005
Mosucker	20005
VPKiller	20023
NetBus2.0ProHidden	20034
NetBus2.0Pro	20034
NetBus2Pro	20034
NetRex	20034
WhackJob	20034
Aristotle	20139
Chupacabra	20203
ipulse-ics	20222
BLAtrojan	20331
Shaft	20432
track	20670
athand-mmp	20999
GirlFriend	21544
KidTerror	21544
Matrix	21544
Exploiter	21554
FreddyK	21554
KidTerror	21554
Schwindler	21554
Winsp00fer	21554
Breach	21579
vofr-gateway	21590
webphone	21845
netspeak-is	21846
netspeak-cs	21847
netspeak-acd	21848
netspeak-cps	21849
Latinus	21957
snapenetio	22000
optocontrol	22001
DonaldDick	22222
Prosiak	22222
Ruler	22222
RUXTheTIc.K	22222
wnn6	22273
wnn6_Cn	22289
wnn6_Kr	22305
wnn6_Tw	22321
SiN	22450
vocaltec-wconf	22555
aws-brf	22800
brf-gw	22951
NetTrash	23005
Olive	23005
Oxon	23005
NetTrash	23006
Logged	23023
Amanda	23032
Konik	23321
Asylum	23432
EvilFTP	23456
UglyFTP	23456
WhackJob	23456
DonaldDick	23476
DonaldDick	23477
InetSpy	23777
Infector	24000
med-ltp	24000
med-fsp-rx	24001
med-fsp-tx	24002
med-supp	24003
med-ovw	24004
med-ci	24005
med-net-svc	24006
filesphere	24242
vista-4gl	24249
Latinus	24289
intel_rci	24386
binkp	24554
flashfiler	24677
icl-twobase1	25000
icl-twobase2	25001
icl-twobase3	25002
icl-twobase4	25003
icl-twobase5	25004
icl-twobase6	25005
icl-twobase7	25006
icl-twobase8	25007
icl-twobase9	25008
icl-twobase10	25009
Goy'ZTroJan	25123
FreddyK	25555
MoonPie	25685
MoonPie	25686
vocaltec-hos	25793
niobserver	25901
niprobe	25903
MoonPie	25982
quake	26000
wnn6-ds	26208
k3software-svr	26262
gserver	26264
VoiceSpyOBS	26681
VoiceSpy	26681
flex-lm	27000
flex-lm	27001
flex-lm	27002
flex-lm	27003
flex-lm	27004
flex-lm	27005
flex-lm	27006
flex-lm	27007
flex-lm	27008
flex-lm	27009
MoonPie	27160
imagepump	27345
SubSeven	27374
quakeworld	27500
SubSeven	27573
Trinoo_Master	27665
Trinoo	27665
quake3server	27960
tw-auth-key	27999
tribes	28001
	28431
Exploiter	28678
heretic2	28910
NetTrojan	29104
BackGate	29292
ovasOn	29369
Latinus	29559
TheUnexplained	29891
Infector	30000
ErrOr32	30001
LamersDeath	30003
BackdoorJZ	30005
teleop	30017
AOLTrojan	30029
NetSphere	30100
NetSphere	30101
NetSphere	30102
NetSphere	30103
NetSphere	30133
SocketsdesTroie	30303
SocketsdeTroie	30303
Mantis	30700
Intruse	30947
Kuang2	30999
Knark	31221
Trinoo	31335
BoWhack	31336
ButtFunnel	31336
ADMworm	31337
BackFire	31337
BackOrifice1.20patches	31337
BackOrifice(Lm)	31337
BackOrificerussian	31337
BaronNight	31337
Beeone	31337
bindshell	31337
BO2	31337
BOclient	31337
BOFacil	31337
BOspy	31337
cron/crontab	31337
DeepBO	31337
Elite	31337
Freak2k	31337
Freak88	31337
Gummo	31337
icmp_pipe.c	31337
LinuxRootkitIV	31337
BackOrifice	31338
ButtFunnel	31338
NetSpyDK	31339
NetSpy(DK)	31339
KingPin	31510
NetBus	31557
Xanadu	31557
BOWhack	31666
BuschTrommel	31745
HackaTack	31785
	31785
HackaTack	31787
	31787
HackaTack	31788
	31788
HackaTack	31790
	31790
HackaTack	31792
	31792
DonaldDick	32001
PeanutBrittle	32100
ProjectnEXT	32100
AcidBattery	32418
HackersParadise	32768
filenet-rpc	32769
filenet-nch	32770
sometimes-rpc5	32771
sometimes-rpc7	32772
sometimes-rpc9	32773
sometimes-rpc11	32774
sometimes-rpc13	32775
sometimes-rpc15	32776
sometimes-rpc17	32777
sometimes-rpc19	32778
sometimes-rpc21	32779
sometimes-rpc23	32780
sometimes-rpc25	32786
sometimes-rpc27	32787
Acropolis	32791
Trinity	33270
Blakharaz	33333
Prosiak	33333
EmpireEarth	33335
Lion	33567
T0rnRootkit	33567
Lion	33568
T0rnRootkit	33568
SonofPsychWard	33577
SonofPsychWard	33777
Spirit2000	33911
Spirit2001	33911
BigGluck	34324
TinyTelnetServer	34324
TN	34324
DonaldDick	34444
Mantis	37237
TheKillerTrojan	37266
YetAnotherTrojan	37651
CyberSpy	38741
Sygate	39213
Busters	39507
Proxy-Mitglieder	39999
TheSpy	40412
Agent40421	40421
MastersParadise	40421
MastersParadise	40422
MastersParadise	40423
MastersParadise	40425
MastersParadise	40426
cscp	40841
csccredir	40842
csccfirewall	40843
Storm	41337
inoculan	41508
RemoteBootToolRBT	41666
RemoteBootTool	41666
reachout	43188
ndm-agent-port	43189
ip-provision	43190
Prosiak	44444
Exploiter	44575
rockwell-encap	44818
cisco-ids	45000
invision-ag	45054
Maniacrootkit	45559
Acropolis	45673
eba	45678
ssr-servermgr	45966
Psychward	46626
Psychward	46882
mbus	47000
T0rnRootkit	47017
dbbrowse	47557
directplaysrvr	47624
ap	47806
bacnet	47808
nimcontroller	48000
nimspooler	48001
nimhub	48002
nimgtw	48003
FraggleRock	48004
FraggleRock	48006
com-bardac-dw	48556
FraggleRock	49000
OnLineKeyLogger	49301
SubSARI	50000
ibm-db2	50000
Enterprise	50130
SocketsdesTroie	50505
SocketsdeTroie	50505
Fore	50766
Schwindler	50766
Cafeini	51966
AcidBattery2000	52317
RemoteWindowsShutdown	53001
SubSeven2.1Gold	54283
SubSeven	54283
BackOrifice2000	54320
BackOrifice2000	54321
SchoolBus	54321
WMTrojanGenerator	55165
WMTrojanGenerator	55166
NetRaider	57341
ButtFunnel	58339
DeepThroat	60000
Foreplay	60000
SocketsdesTroie	60000
Trinity	60001
Lion	60008
T0rnRootkit	60008
Xzip6000068	60068
Connection	60411
BunkerHill	61348
Bunker-Hill	61348
netprowler	61439
netprowler	61440
netprowler	61441
TeleCommando	61466
BunkerHill	61603
Bunker-Hill	61603
TrippLite	63333
BunkerHill	63485
Bunker-Hill	63485
phatbot-socks	63908
phatbot-http	63909
TaskmanTaskManager	64101
Taskman	64101
Devil	65000
SocketsdesTroie	65000
Stacheldrahtagent	65000
Stacheldraht	65000
pcanywhere	65301
Eclypse	65390
Jade	65421
TheTraitor=th3tr41t0r	65432
TheTraitor	65432
phatbot-ssl	65506
WindowsMite	65530
sbininitd	65534
/sbin/initd	65534
Adoreworm	65535
RC1trojan	65535
Sins	65535
